{"cameraMode":{"drawMode":0,"name":"Shaded","section":"Shading Mode"},"sceneLighting":true,"audioPlay":false,"sceneViewState":{"showFog":true,"showMaterialUpdate":false,"showSkybox":true,"showFlares":true,"showImageEffects":true,"showParticleSystems":true},"in2DMode":false,"pivot":{"x":0.2621421813964844,"y":-0.4936842918395996,"z":0.03512096405029297},"rotation":{"x":-0.07875260710716248,"y":0.9015341401100159,"z":-0.18538860976696015,"w":-0.3829694092273712},"size":12.746594429016114,"orthographic":false}