{"cameraMode":{"drawMode":0,"name":"Shaded","section":"Shading Mode"},"sceneLighting":true,"audioPlay":false,"sceneViewState":{"showFog":true,"showMaterialUpdate":false,"showSkybox":true,"showFlares":true,"showImageEffects":true,"showParticleSystems":true},"in2DMode":false,"pivot":{"x":-1.3219884634017945,"y":1.0264451503753663,"z":-9.986427307128907},"rotation":{"x":0.019871700555086137,"y":0.9801239371299744,"z":-0.14123058319091798,"w":0.13792245090007783},"size":27.768020629882814,"orthographic":false}