{"cameraMode":{"drawMode":0,"name":"Shaded","section":"Shading Mode"},"sceneLighting":true,"audioPlay":false,"sceneViewState":{"showFog":true,"showMaterialUpdate":false,"showSkybox":true,"showFlares":true,"showImageEffects":true,"showParticleSystems":true},"in2DMode":false,"pivot":{"x":-0.34731876850128176,"y":1.8669483661651612,"z":1.5797861814498902},"rotation":{"x":-0.12449657171964646,"y":0.0077077168971300129,"z":-0.0006473908433690667,"w":-0.9922799468040466},"size":3.1237223148345949,"orthographic":false}