{"cameraMode":{"drawMode":0,"name":"Shaded","section":"Shading Mode"},"sceneLighting":true,"audioPlay":false,"sceneViewState":{"showFog":true,"showMaterialUpdate":false,"showSkybox":true,"showFlares":true,"showImageEffects":true,"showParticleSystems":true},"in2DMode":false,"pivot":{"x":-0.039959199726581576,"y":-0.21903598308563233,"z":0.5494863390922546},"rotation":{"x":0.05492088943719864,"y":0.873933732509613,"z":-0.10166511684656143,"w":0.47211310267448428},"size":22.0,"orthographic":false}