{"cameraMode":{"drawMode":0,"name":"Shaded","section":"Shading Mode"},"sceneLighting":false,"audioPlay":false,"sceneViewState":{"showFog":true,"showMaterialUpdate":false,"showSkybox":true,"showFlares":true,"showImageEffects":true,"showParticleSystems":true},"in2DMode":false,"pivot":{"x":8.699795722961426,"y":2.229599952697754,"z":0.047774314880371097},"rotation":{"x":-0.17743735015392304,"y":0.4122004210948944,"z":-0.08218168467283249,"w":-0.8898797631263733},"size":30.969207763671876,"orthographic":false}