{"cameraMode":{"drawMode":0,"name":"Shaded","section":"Shading Mode"},"sceneLighting":false,"audioPlay":false,"sceneViewState":{"showFog":true,"showMaterialUpdate":false,"showSkybox":true,"showFlares":true,"showImageEffects":true,"showParticleSystems":true},"in2DMode":false,"pivot":{"x":-1.7082335948944092,"y":6.891206741333008,"z":-0.2849454879760742},"rotation":{"x":-0.17743735015392304,"y":0.4122004210948944,"z":-0.08218168467283249,"w":-0.8898797631263733},"size":5.426301002502441,"orthographic":false}